Code,License Type,Indicator Name,Short definition,Long definition,Source,Topic,Periodicity,Aggregation method,Statistical concept and methodology,Development relevance,Limitations and exceptions,General comments,License URL
BN.CAB.XOKA.GD.ZS,CC BY-4.0,Current account balance (% of GDP),,"Current account balance is the sum of net exports of goods and services, net primary income, and net secondary income.","International Monetary Fund, Balance of Payments Statistics Yearbook and data files, and World Bank and OECD GDP estimates.",Economic Policy & Debt: Balance of payments: Current account: Balances,Annual,,,,,Note: Data are based on the sixth edition of the IMF's Balance of Payments Manual (BPM6) and are only available from 2005 onwards.,https://datacatalog.worldbank.org/public-licenses#cc-by
NE.TRD.GNFS.ZS,CC BY-4.0,Trade (% of GDP),,Trade is the sum of exports and imports of goods and services measured as a share of gross domestic product.,"World Bank national accounts data, and OECD National Accounts data files.",Economic Policy & Debt: National accounts: Shares of GDP & other,Annual,Weighted average,,,,,https://datacatalog.worldbank.org/public-licenses#cc-by
FI.RES.TOTL.DT.ZS,CC BY-4.0,Total reserves (% of total external debt),,International reserves to total external debt stocks.,"World Bank, International Debt Statistics.",Economic Policy & Debt: Balance of payments: Reserves & other items,Annual,Weighted Average,,,,,https://datacatalog.worldbank.org/public-licenses#cc-by
NV.SRV.TOTL.ZS,CC BY-4.0,"Services, value added (% of GDP)",,"Services correspond to ISIC divisions 50-99 and they include value added in wholesale and retail trade (including hotels and restaurants), transport, and government, financial, professional, and personal services such as education, health care, and real estate services. Also included are imputed bank service charges, import duties, and any statistical discrepancies noted by national compilers as well as discrepancies arising from rescaling. Value added is the net output of a sector after adding up all outputs and subtracting intermediate inputs. It is calculated without making deductions for depreciation of fabricated assets or depletion and degradation of natural resources. The industrial origin of value added is determined by the International Standard Industrial Classification (ISIC), revision 3 or 4.","World Bank national accounts data, and OECD National Accounts data files.",Economic Policy & Debt: National accounts: Shares of GDP & other,Annual,Weighted Average,"Gross domestic product (GDP) represents the sum of value added by all its producers. Value added is the value of the gross output of producers less the value of intermediate goods and services consumed in production, before accounting for consumption of fixed capital in production. The United Nations System of National Accounts calls for value added to be valued at either basic prices (excluding net taxes on products) or producer prices (including net taxes on products paid by producers but excluding sales or value added taxes). Both valuations exclude transport charges that are invoiced separately by producers. Total GDP is measured at purchaser prices. Value added by industry is normally measured at basic prices.
Financial intermediation services indirectly measured (FISIM) is an indirect measure of the value of financial intermediation services (i.e. output) provided but for which financial institutions do not charge explicitly as compared to explicit bank charges. Although the 1993 SNA recommends that the FISIM are allocated as intermediate and final consumption to the users, many countries still make a global (negative) adjustment to the sum of gross value added.",,"In the services industry the many self-employed workers and one-person businesses are sometimes difficult to locate, and they have little incentive to respond to surveys, let alone to report their full earnings. Compounding these problems are the many forms of economic activity that go unrecorded, including the work that women and children do for little or no pay.",,https://datacatalog.worldbank.org/public-licenses#cc-by
DT.DOD.PVLX.GN.ZS,CC BY-4.0,Present value of external debt (% of GNI),"Present value of debt is the sum of short-term external debt plus the discounted sum of total debt service payments due on public, publicly guaranteed, and private nonguaranteed long-term external debt over the life of existing loans. The GNI denominator is a three-year average.","Present value of debt is the sum of short-term external debt plus the discounted sum of total debt service payments due on public, publicly guaranteed, and private nonguaranteed long-term external debt over the life of existing loans. This calculation assumes that the PV of loans with a negative grant element is equal to the nominal value of the loan. The GNI denominator is a three-year average.","World Bank, International Debt Statistics.",Economic Policy & Debt: External debt: Debt ratios & other items,Annual,,"Data on external debt are gathered through the World Bank's Debtor Reporting System (DRS). Long term debt data are compiled using the countries report on public and publicly guaranteed borrowing on a loan-by-loan basis and private non guaranteed borrowing on an aggregate basis. These data are supplemented by information from major multilateral banks and official lending agencies in major creditor countries. Short-term debt data are gathered from the Quarterly External Debt Statistics (QEDS) database, jointly developed by the World Bank and the IMF and from creditors through the reporting systems of the Bank for International Settlements. Debt data are reported in the currency of repayment and compiled and published in U.S. dollars. End-of-period exchange rates are used for the compilation of stock figures (amount of debt outstanding), and projected debt service and annual average exchange rates are used for the flows. Exchange rates are taken from the IMF's International Financial Statistics. Debt repayable in multiple currencies, goods, or services and debt with a provision for maintenance of the value of the currency of repayment are shown at book value.","External debt is that part of the total debt in a country that is owed to creditors outside the country. The debtors can be the government, corporations or private households. The debt includes money owed to private commercial banks, other governments, or international financial institutions.

External indebtedness affects a country's creditworthiness and investor perceptions. Nonreporting countries might have outstanding debt with the World Bank, other international financial institutions, or private creditors. Total debt service is contrasted with countries' ability to obtain foreign exchange through exports of goods, services, primary income, and workers' remittances.

Debt ratios are used to assess the sustainability of a country's debt service obligations, but no absolute rules determine what values are too high. Empirical analysis of developing countries' experience and debt service performance shows that debt service difficulties become increasingly likely when the present value of debt reaches 200 percent of exports. Still, what constitutes a sustainable debt burden varies by country. Countries with fast-growing economies and exports are likely to be able to sustain higher debt levels. Various indicators determine a sustainable level of external debt, including:

a) debt to GDP ratio
b) foreign debt to exports ratio
c) government debt to current fiscal revenue ratio 
d) share of foreign debt
e) short-term debt
f) concessional debt in the total debt stock",,,https://datacatalog.worldbank.org/public-licenses#cc-by
FR.INR.DPST,CC BY-4.0,Deposit interest rate (%),,"Deposit interest rate is the rate paid by commercial or similar banks for demand, time, or savings deposits. The terms and conditions attached to these rates differ by country, however, limiting their comparability.","International Monetary Fund, International Financial Statistics and data files.",Financial Sector: Interest rates,Annual,,"Many interest rates coexist in an economy, reflecting competitive conditions, the terms governing loans and deposits, and differences in the position and status of creditors and debtors. In some economies interest rates are set by regulation or administrative fiat. In economies with imperfect markets, or where reported nominal rates are not indicative of effective rates, it may be difficult to obtain data on interest rates that reflect actual market transactions. Deposit and lending rates are collected by the International Monetary Fund (IMF) as representative interest rates offered by banks to resident customers. The terms and conditions attached to these rates differ by country, however, limiting their comparability.

In 2009 the IMF began publishing a new presentation of monetary statistics for countries that report data in accordance with its Monetary Financial Statistical Manual 2000. The presentation for countries that report data in accordance with its International Financial Statistics (IFS) remains the same.","Both banking and financial systems enhance growth, the main factor in poverty reduction. At low levels of economic development commercial banks tend to dominate the financial system, while at higher levels domestic stock markets tend to become more active and efficient. The size and mobility of international capital flows make it increasingly important to monitor the strength of financial systems. Robust financial systems can increase economic activity and welfare, but instability can disrupt financial activity and impose widespread costs on the economy.","Countries use a variety of reporting formats, sample designs, interest compounding formulas, averaging methods, and data presentations for indices and other data series on interest rates. The IMF's Monetary and Financial Statistics Manual does not provide guidelines beyond the general recommendation that such data should reflect market prices and effective (rather than nominal) interest rates and should be representative of the financial assets and markets to be covered. For more information, please see http://www.imf.org/external/pubs/ft/mfs/manual/index.htm.",,https://datacatalog.worldbank.org/public-licenses#cc-by
NY.ADJ.NNTY.KD.ZG,CC BY-4.0,Adjusted net national income (annual % growth),,Adjusted net national income is GNI minus consumption of fixed capital and natural resources depletion.,World Bank staff estimates based on sources and methods in World Bank's "The Changing Wealth of Nations: Measuring Sustainable Development in the New Millennium" (2011).,Economic Policy & Debt: National accounts: Adjusted savings & income,Annual,Weighted Average,"Adjusted net national income complements gross national income (GNI) in assessing economic progress (Hamilton and Ley 2010) by providing a broader measure of national income that accounts for the depletion of natural resources.

Adjusted net national income is calculated by subtracting from GNI a charge for the consumption of fixed capital (a calculation that yields net national income) and for the depletion of natural resources. The deduction for the depletion of natural resources, which covers net forest depletion, energy depletion, and mineral depletion, reflects the decline in asset values associated with the extraction and harvesting of natural resources. This is analogous to depreciation of fixed assets.

Growth rates of adjusted net national income are computed from constant price series deflated using the gross national expenditure (formerly domestic absorption) deflator.","Adjusted net national income is particularly useful in monitoring low-income, resource-rich economies, like many countries in Sub-Saharan Africa, because such economies often see large natural resources depletion as well as substantial exports of resource rents to foreign mining companies. For recent years adjusted net national income gives a picture of economic growth that is strikingly different from the one provided by GDP.

The key to increasing future consumption and thus the standard of living lies in increasing national wealth - including not only the traditional measures of capital (such as produced and human capital), but also natural capital. Natural capital comprises such assets as land, forests, and subsoil resources. All three types of capital are key to sustaining economic growth. By accounting for the consumption of fixed and natural capital depletion, adjusted net national income better measures the income available for consumption or for investment to increase a country's future consumption.","Adjusted net national income differs from the adjustments made in the calculation of adjusted net savings, by not accounting for investments in human capital or the damages from pollution. Thus, adjusted net national income remains within the boundaries of the United Nations System of National Accounts (SNA).

The SNA includes non-produced natural assets (such as land, mineral resources, and forests) within the asset boundary when they are under the effective control of institutional units. The calculation of adjusted net national income, which accounts for net forest, energy, and mineral depletion, as well as consumption of fixed capital, thus remains within the SNA boundaries. This point is critical because it allows for comparisons across GDP, GNI, and adjusted net national income; such comparisons reveal the impact of natural resource depletion, which is otherwise ignored by the popular economic indicators.",,https://datacatalog.worldbank.org/public-licenses#cc-by
FD.RES.LIQU.AS.ZS,CC BY-4.0,Bank liquid reserves to bank assets ratio (%),,"Ratio of bank liquid reserves to bank assets is the ratio of domestic currency holdings and deposits with the monetary authorities to claims on other governments, nonfinancial public enterprises, the private sector, and other banking institutions.","International Monetary Fund, International Financial Statistics and data files.",Financial Sector: Assets,Annual,Median,,,,,https://datacatalog.worldbank.org/public-licenses#cc-by
FB.BNK.CAPA.ZS,CC BY-4.0,Bank capital to assets ratio (%),,"Bank capital to assets is the ratio of bank capital and reserves to total assets. Capital and reserves include funds contributed by owners, retained earnings, general and special reserves, provisions, and valuation adjustments. Capital includes tier 1 capital (paid-up shares and common stock), which is a common feature in all countries' banking systems, and total regulatory capital, which includes several specified types of subordinated debt instruments that need not be repaid if the funds are required to maintain minimum capital levels (these comprise tier 2 and tier 3 capital). Total assets include all nonfinancial and financial assets.","International Monetary Fund, Financial Soundness Indicators.",Financial Sector: Assets,Annual,,"The ratio of capital to total assets, without the latter being risk weighted. Capital is measured as total capital and reserves as reported in the sectoral balance sheet; for cross-border consolidated data, Tier 1 capital can also be used. It indicates the extent to which assets are funded by other than own funds and is a measure of capital adequacy of the deposit-taking sector. It complements the capital adequacy ratios compiled based on the methodology agreed to by the Basle Committee on Banking Supervision. Also, it measures financial leverage and is sometimes called the leverage ratio. Data are submitted by national authorities to the IMF following the Financial Soundness Indicators (FSI) Compilation Guide. For country specific metadata, including reporting period, please refer to the GFSR FSI Tables and the Data and Metadata Tables available through FSIs website: http://data.imf.org/.","The size and mobility of international capital flows make it increasingly important to monitor the strength of financial systems. Robust financial systems can increase economic activity and welfare, but instability can disrupt financial activity and impose widespread costs on the economy. The ratio of bank capital to assets, a measure of bank solvency and resiliency, shows the extent to which banks can deal with unexpected losses. Capital includes tier 1 capital (paid-up shares and common stock), a common feature in all countries' banking systems, and total regulatory capital, which includes several types of subordinated debt instruments that need not be repaid if the funds are required to maintain minimum capital levels (tier 2 and tier 3 capital). Total assets include all nonfinancial and financial assets. Data are from internally consistent financial statements.","Reporting countries compile the data using different methodologies, which may also vary for different points in time for the same country. Users are advised to consult the accompanying metadata on the IMF FSI website (data.imf.org) to conduct more meaningful cross-country comparisons or to assess the evolution of the indicator for any of the countries.",,https://datacatalog.worldbank.org/public-licenses#cc-by
FS.AST.CGOV.GD.ZS,CC BY-4.0,"Claims on central government, etc. (% GDP)",,Claims on central government (IFS line 52AN or 32AN) include loans to central government institutions net of deposits.,"International Monetary Fund, International Financial Statistics and data files, and World Bank and OECD GDP estimates.",Financial Sector: Assets,Annual,Weighted Average,,,,,https://datacatalog.worldbank.org/public-licenses#cc-by
FS.AST.DOMO.GD.ZS,CC BY-4.0,Claims on other sectors of the domestic economy (% of GDP),,"Claims on other sectors of the domestic economy (IFS line 52S or 32S) include gross credit from the financial system to households, nonprofit institutions serving households, nonfinancial corporations, state and local governments, and social security funds.","International Monetary Fund, International Financial Statistics and data files, and World Bank and OECD GDP estimates.",Financial Sector: Assets,Annual,Weighted Average,,,,,https://datacatalog.worldbank.org/public-licenses#cc-by
DT.TDS.DECT.GN.ZS,CC BY-4.0,Total debt service (% of GNI),,"Total debt service is the sum of principal repayments and interest actually paid in currency, goods, or services on long-term debt, interest paid on short-term debt, and repayments (repurchases and charges) to the IMF.","World Bank, International Debt Statistics.",Economic Policy & Debt: External debt: Debt ratios & other items,Annual,Weighted Average,,,,,https://datacatalog.worldbank.org/public-licenses#cc-by
CM.MKT.TRAD.GD.ZS,CC BY-4.0,"Stocks traded, total value (% of GDP)",,"The value of shares traded is the total number of shares traded, both domestic and foreign, multiplied by their respective matching prices. Figures are single counted (only one side of the transaction is considered). Companies admitted to listing and admitted to trading are included in the data. Data are end of year values.",World Federation of Exchanges database.,Financial Sector: Capital markets,Annual,Weighted Average,"The value of shares traded represent the transfer of ownership effected automatically through the exchange's electronic order book (EOB), where orders placed by trading members are usually exposed to all market users and automatically matched according to precise rules set up by the exchange, generally on a price/time priority basis. For data before 2001, the WFE used two different approaches for the collection of trading data, depending on the individual stock exchange's market organization and rules. The first approach is the Trading System View (TSV). Stock exchanges adopting this view count only those transactions which pass through their trading system or trading floor. The TSV is generally adopted by exchanges which operate a centralized order book (order-driven market). Trades done by their members off the exchange are not included. The second approach is the Regulated Environment View (REV). Stock exchanges in this category include all transactions subject to supervision by the market authority, including transactions made by members, and sometimes non-members, on outside trading systems and transactions into foreign markets. Figures reported under the REV approach will be higher than those reported under the TSV approach.","Stock market size can be measured in various ways, and each may produce a different ranking of countries.

The development of an economy's financial markets is closely related to its overall development. Well-functioning financial systems provide good and easily accessible information which can lower transaction costs and subsequently improve resource allocation and boosts economic growth. Both banking systems and stock markets enhance growth, the main factor in poverty reduction. At low levels of economic development commercial banks tend to dominate the financial system, while at higher levels domestic stock markets tend to become more active and efficient relative to domestic banks.

Open economies with sound macroeconomic policies, good legal systems, and shareholder protection attract capital and therefore have larger financial markets. Recent research on stock market development shows that modern communications technology and increased financial integration have resulted in more cross-border capital flows, a stronger presence of financial firms around the world, and the migration of stock exchange activities to international exchanges. Many firms in emerging markets now cross-list on international exchanges, which provides them with lower cost capital and more liquidity-traded shares. However, this also means that exchanges in emerging markets may not have enough financial activity to sustain them, putting pressure on them to rethink their operations.","Data cover measures of size (market capitalization, number of listed domestic companies) and liquidity (value of shares traded as a percentage of gross domestic product, value of shares traded as a percentage of market capitalization). The comparability of such data across countries may be limited by conceptual and statistical weaknesses, such as inaccurate reporting and differences in accounting standards. Only EOB trades are included in the total value of shares traded.",Stock market data were previously sourced from Standard & Poor's until they discontinued their "Global Stock Markets Factbook" and database in April 2013. Time series have been replaced in December 2015 with data from the World Federation of Exchanges and may differ from the previous S&P definitions and methodology.,https://datacatalog.worldbank.org/public-licenses#cc-by
DT.DOD.DSTC.IR.ZS,CC BY-4.0,Short-term debt (% of total reserves),,Short-term debt includes all debt having an original maturity of one year or less and interest in arrears on long-term debt. Total reserves includes gold.,"World Bank, International Debt Statistics.",Economic Policy & Debt: External debt: Debt ratios & other items,Annual,Weighted Average,"Data on external debt are gathered through the World Bank's Debtor Reporting System (DRS). Long term debt data are compiled using the countries report on public and publicly guaranteed borrowing on a loan-by-loan basis and private non guaranteed borrowing on an aggregate basis. These data are supplemented by information from major multilateral banks and official lending agencies in major creditor countries. Short-term debt data are gathered from the Quarterly External Debt Statistics (QEDS) database, jointly developed by the World Bank and the IMF and from creditors through the reporting systems of the Bank for International Settlements. Debt data are reported in the currency of repayment and compiled and published in U.S. dollars. End-of-period exchange rates are used for the compilation of stock figures (amount of debt outstanding), and projected debt service and annual average exchange rates are used for the flows. Exchange rates are taken from the IMF's International Financial Statistics. Debt repayable in multiple currencies, goods, or services and debt with a provision for maintenance of the value of the currency of repayment are shown at book value.","External debt is that part of the total debt in a country that is owed to creditors outside the country. The debtors can be the government, corporations or private households. The debt includes money owed to private commercial banks, other governments, or international financial institutions.

External indebtedness affects a country's creditworthiness and investor perceptions. Nonreporting countries might have outstanding debt with the World Bank, other international financial institutions, or private creditors. Total debt service is contrasted with countries' ability to obtain foreign exchange through exports of goods, services, primary income, and workers' remittances.

Debt ratios are used to assess the sustainability of a country's debt service obligations, but no absolute rules determine what values are too high. Empirical analysis of developing countries' experience and debt service performance shows that debt service difficulties become increasingly likely when the present value of debt reaches 200 percent of exports. Still, what constitutes a sustainable debt burden varies by country. Countries with fast-growing economies and exports are likely to be able to sustain higher debt levels. Various indicators determine a sustainable level of external debt, including:

a) debt to GDP ratio
b) foreign debt to exports ratio
c) government debt to current fiscal revenue ratio 
d) share of foreign debt
e) short-term debt
f) concessional debt in the total debt stock","The DRS encourages debtor countries to voluntarily provide information on their short-term external obligations. By its nature, short-term external debt is difficult to monitor: loan-by-loan registration is normally impractical, and monitoring systems typically rely on information requested periodically by the central bank from the banking sector. The World Bank regards the debtor country as the authoritative source of information on its short-term debt. Where such information is not available from the debtor country, data are derived from BIS data on international bank lending based on time remaining to original maturity. The data are reported based on residual maturity, but an estimate of short-term external liabilities by original maturity can be derived by deducting from claims due in one year those that have a maturity of between one and two years. However, BIS data include liabilities reported only by banks within the BIS reporting area. The results should thus be interpreted with caution. Because short-term debt poses an immediate burden and is particularly important for monitoring vulnerability, it is compared with total debt and foreign exchange reserves, which are instrumental in providing coverage for such obligations.

A country's external debt burden, both debt outstanding and debt service, affects its creditworthiness and vulnerability. While data related to public and publicly guaranteed debt are reported to the DRS on a loan-by-loan basis, aggregate data on long-term private nonguaranteed debt are reported annually and are reported by the country or estimated by World Bank staff for countries where this type of external debt is known to be significant. Estimates are based on national data from the World Bank's Quarterly External Debt Statistics.",,https://datacatalog.worldbank.org/public-licenses#cc-by
